query_snp_1,query_snp_2,recombination_frequency
SNP2,SNP4,0.17073170731707318
SNP3,SNP4,0.12195121951219512
SNP1,SNP4,0.0975609756097561
SNP1,SNP2,0.07317073170731707
SNP2,SNP3,0.04878048780487805
SNP1,SNP3,0.024390243902439025
